ship,metier,TRIPNR,year,quar,week,hpsegment2,effort,hpeffort
OD1,TBB_DEF_70-99_0_0,2,1999,3,35,Groot,4.2,8413
GO28,TBB_DEF_70-99_0_0,3,1999,4,39,Groot,4.2,12297
UK47,TBB_DEF_70-99_0_0,4,1999,4,47,Groot,4,8002
GO6,TBB_DEF_70-99_0_0,6,2000,1,10,Groot,4.3,8586
UK284,TBB_DEF_70-99_0_0,7,2000,1,11,Groot,4.7,9336
TX37,TBB_DEF_70-99_0_0,8,2000,1,13,Groot,3.9,7836
HD225,TBB_DEF_70-99_0_0,9,2000,2,15,Groot,4.5,12036
UK63,TBB_DEF_70-99_0_0,10,2000,2,16,Groot,4.1,7353
OD50,TBB_DEF_70-99_0_0,11,2000,2,18,Groot,4.1,7422
TX41,TBB_DEF_70-99_0_0,12,2000,2,19,Euro,3.9,1165
GO7,TBB_DEF_70-99_0_0,13,2000,2,21,Groot,4.1,4673
GO58,TBB_DEF_70-99_0_0,14,2000,2,23,Euro,3.9,1177
HD7,TBB_DEF_70-99_0_0,15,2000,2,25,Groot,4.4,8830
KW42,TBB_DEF_70-99_0_0,16,2000,3,27,Groot,4.5,9086
UK225,TBB_DEF_70-99_0_0,19,2000,3,32,Groot,4.1,8169
OD8,TBB_DEF_70-99_0_0,20,2000,3,34,Groot,4.1,7428
KW32,TBB_DEF_70-99_0_0,22,2000,4,51,Groot,6.1,21725.5
TX38,TBB_DEF_70-99_0_0,23,2001,1,8,Groot,4.4,8741
UK1,TBB_DEF_70-99_0_0,24,2001,1,9,Groot,4.2,10525
HD65,TBB_DEF_70-99_0_0,26,2001,2,14,Euro,2.15,638.5
UK184,TBB_DEF_70-99_0_0,27,2001,2,14,Groot,4.6,9227
UK383,TBB_DEF_70-99_0_0,28,2001,2,19,Groot,4.8,9669
OD1,TBB_DEF_70-99_0_0,31,2002,1,3,Groot,3.2,6331
OD8,TBB_DEF_70-99_0_0,32,2002,2,18,Groot,4.2,7578
HD22,TBB_DEF_70-99_0_0,30,2002,2,26,Groot,4.5,8996
SL27,TBB_DEF_70-99_0_0,35,2002,3,28,Groot,2.1,4209.5
GO20,TBB_DEF_70-99_0_0,36,2002,4,46,Groot,3.9,7752
GO22,TBB_DEF_70-99_0_0,37,2003,1,3,Groot,3,6085
TX38,TBB_DEF_70-99_0_0,38,2003,1,12,Groot,3.9,7825
UK47,TBB_DEF_70-99_0_0,39,2003,2,18,Groot,3,6002
HD7,TBB_DEF_70-99_0_0,40,2003,2,21,Groot,4,7997
GO44,TBB_DEF_70-99_0_0,45,2003,2,23,Groot,4.1,8169
GO41,TBB_DEF_70-99_0_0,44,2003,3,28,Groot,4,8185
TX36,TBB_DEF_70-99_0_0,48,2003,3,33,Groot,4.3,8502
UK243,TBB_DEF_70-99_0_0,49,2003,4,41,Groot,4,7980
KW34,TBB_DEF_70-99_0_0,50,2003,4,47,Groot,4.6,9169
SL12,TBB_DEF_70-99_0_0,51,2004,1,7,Groot,3.7,6602
TX33,TBB_DEF_70-99_0_0,52,2004,2,16,Groot,3.4,7716
UK153,TBB_DEF_70-99_0_0,53,2004,2,21,Groot,2.9,5835
GO5,TBB_DEF_70-99_0_0,54,2004,2,25,Groot,4.1,8169
WR244,TBB_DEF_70-99_0_0,56,2004,3,32,Euro,1.95,582.5
OD1,TBB_DEF_70-99_0_0,57,2004,3,34,Groot,4,7997
TX43,TBB_DEF_70-99_0_0,58,2004,4,42,Groot,3.7,7315
UK237,TBB_DEF_70-99_0_0,59,2004,4,48,Groot,4,8086
UK45,TBB_DEF_70-99_0_0,60,2004,4,50,Groot,4,11483
UK47,TBB_DEF_70-99_0_0,61,2005,1,5,Groot,5,10003
GO4,TBB_DEF_70-99_0_0,62,2005,1,10,Groot,4.1,8230
UK195,TBB_DEF_70-99_0_0,63,2005,2,17,Groot,4,7980
HD29,TBB_DEF_70-99_0_0,65,2005,3,28,Groot,4.2,8336
TX38,TBB_DEF_70-99_0_0,66,2005,3,32,Groot,4.3,8657
UK153,TBB_DEF_70-99_0_0,1400,2005,4,41,Groot,4.1,8169
UK95,TBB_DEF_70-99_0_0,67,2005,4,41,Groot,4,7980
UK95,TBB_DEF_70-99_0_0,68,2005,4,44,Groot,4.3,8562
UK153,TBB_DEF_70-99_0_0,1401,2005,4,44,Groot,3.897727273,7802.022727
UK64,TBB_DEF_70-99_0_0,69,2005,4,50,Groot,3.7,7335
UK64,TBB_DEF_70-99_0_0,70,2006,1,2,Groot,4,8002
UK64,TBB_DEF_70-99_0_0,71,2006,1,5,Groot,5.1,10170
UK153,TBB_DEF_70-99_0_0,1402,2006,1,5,Groot,3.897727273,7802.022727
UK95,TBB_DEF_70-99_0_0,72,2006,1,9,Groot,4.3,8562
UK153,TBB_DEF_70-99_0_0,1403,2006,1,9,Groot,3.897727273,7802.022727
UK153,TBB_DEF_70-99_0_0,1404,2006,1,11,Groot,3.3,6669
UK64,TBB_DEF_70-99_0_0,73,2006,1,11,Groot,4.5,9003
GO22,TBB_DEF_70-99_0_0,74,2006,2,18,Groot,4,8002
GO4,TBB_DEF_70-99_0_0,75,2006,2,23,Groot,3.3,6484
UK47,TBB_DEF_70-99_0_0,76,2006,2,26,Groot,4,8002
WR244,TBB_DEF_70-99_0_0,78,2006,3,38,Euro,2.3,682.5
GO5,TBB_DEF_70-99_0_0,77,2006,4,47,Groot,4.1,8252
BR43,TBB_DEF_70-99_0_0,80,2006,4,48,Groot,3.6,7252
TX38,TBB_DEF_70-99_0_0,1405,2006,4,48,Groot,4.8,9573
GO28,TBB_DEF_70-99_0_0,81,2007,1,8,Groot,4,11805
TX38,TBB_DEF_70-99_0_0,82,2007,1,11,Groot,4.4,8741
GO26,TBB_DEF_70-99_0_0,83,2007,2,17,Groot,4.3,8497
HD29,TBB_DEF_70-99_0_0,84,2007,2,22,Groot,4.5,8919
TX38,TBB_DEF_70-99_0_0,85,2007,2,24,Groot,4.3,8574
UK45,TBB_DEF_70-99_0_0,86,2007,2,24,Groot,4,11604
OD1,TBB_DEF_70-99_0_0,87,2007,3,34,Groot,4,7997
UK64,TBB_DEF_70-99_0_0,88,2007,3,39,Groot,4.2,8336
GO38,TBB_DEF_70-99_0_0,89,2007,4,44,Groot,4.2,8419
TX1,TBB_DEF_70-99_0_0,90,2007,4,50,Groot,4.3,8562
UK95,TBB_DEF_70-99_0_0,94,2008,1,4,Groot,3.5,6900
GO20,TBB_DEF_70-99_0_0,95,2008,1,9,Groot,4.1,8252
TX19,TBB_DEF_70-99_0_0,97,2008,2,17,Groot,4.5,8919
GO22,TBB_DEF_70-99_0_0,98,2008,2,24,Groot,4.2,8419
UK1,TBB_DEF_70-99_0_0,102,2008,3,35,Groot,4.7,11776
KW145,TBB_DEF_70-99_0_0,103,2008,4,40,Groot,4.5,9003
TX38,TBB_DEF_70-99_0_0,104,2008,4,41,Groot,4.3,8574
TX38,TBB_DEF_70-99_0_0,105,2008,4,43,Groot,4.3,8657
GO4,TBB_DEF_70-99_0_0,106,2008,4,48,Groot,4,7980
UK45,TBB_DEF_70-99_0_0,1405,2009,1,5,Groot,3.8,10878
GO4,TBB_DEF_70-99_0_0,107,2009,1,9,Groot,4,8064
TX19,TBB_DEF_70-99_0_0,108,2009,1,10,Groot,4.4,8752
GO4,TBB_DEF_70-99_0_0,124,2009,2,14,Groot,3.1,6235
TX19,TBB_DEF_70-99_0_0,146,2009,2,14,Groot,4.4,8752
TX29,TBB_DEF_70-99_0_0,155,2009,2,14,Groot,3.9,8838
HD3,TBB_DEF_70-99_0_0,135,2009,2,16,Euro,6.8,2054
UK284,TBB_DEF_70-99_0_0,164,2009,2,17,Groot,4.2,8419
UK45,TBB_DEF_70-99_0_0,173,2009,2,17,Groot,3.8,10878
GO4,TBB_DEF_70-99_0_0,125,2009,2,20,Groot,5,10059
HD36,TBB_DEF_70-99_0_0,138,2009,2,20,Euro,6.7,2016
TX19,TBB_DEF_70-99_0_0,147,2009,2,20,Groot,4.5,8919
TX29,TBB_DEF_70-99_0_0,109,2009,2,20,Groot,3.9,8933
UK284,TBB_DEF_70-99_0_0,165,2009,2,20,Groot,4.2,8336
UK45,TBB_DEF_70-99_0_0,174,2009,2,20,Groot,3.8,10999
GO4,TBB_DEF_70-99_0_0,126,2009,2,22,Groot,4.1,8147
TX19,TBB_DEF_70-99_0_0,148,2009,2,22,Groot,4.2,8419
TX29,TBB_DEF_70-99_0_0,156,2009,2,22,Groot,3.9,8933
HD3,TBB_DEF_70-99_0_0,136,2009,2,23,Euro,6.8,2041
HD36,TBB_DEF_70-99_0_0,139,2009,2,24,Euro,6.7,2004
UK284,TBB_DEF_70-99_0_0,166,2009,2,24,Groot,3.9,7836
UK45,TBB_DEF_70-99_0_0,175,2009,2,24,Groot,3.8,10999
UK45,TBB_DEF_70-99_0_0,110,2009,2,25,Groot,3.8,10999
TX19,TBB_DEF_70-99_0_0,149,2009,3,27,Groot,4.2,8336
TX29,TBB_DEF_70-99_0_0,157,2009,3,27,Groot,3.8,8743
UK284,TBB_DEF_70-99_0_0,167,2009,3,28,Groot,5,10003
UK45,TBB_DEF_70-99_0_0,176,2009,3,28,Groot,3.8,10999
TX19,TBB_DEF_70-99_0_0,150,2009,3,31,Groot,4.4,8752
TX29,TBB_DEF_70-99_0_0,158,2009,3,31,Groot,3.9,8838
GO4,TBB_DEF_70-99_0_0,127,2009,3,32,Groot,3,6068
UK45,TBB_DEF_70-99_0_0,177,2009,3,32,Groot,3.8,10878
UK47,TBB_DEF_70-99_0_0,111,2009,3,32,Groot,4,8002
UK284,TBB_DEF_70-99_0_0,168,2009,3,33,Groot,4.5,9086
GO4,TBB_DEF_70-99_0_0,128,2009,3,35,Groot,4.1,8147
TX19,TBB_DEF_70-99_0_0,151,2009,3,35,Groot,4.2,8419
TX29,TBB_DEF_70-99_0_0,159,2009,3,35,Groot,3.9,8933
UK45,TBB_DEF_70-99_0_0,178,2009,3,36,Groot,3.4,9790
UK284,TBB_DEF_70-99_0_0,169,2009,3,37,Groot,4.3,8502
GO26,TBB_DEF_70-99_0_0,112,2009,3,39,Groot,4.2,8330
GO4,TBB_DEF_70-99_0_0,129,2009,3,39,Groot,4,7980
TX19,TBB_DEF_70-99_0_0,152,2009,3,39,Groot,4.2,8419
TX29,TBB_DEF_70-99_0_0,160,2009,3,39,Groot,3.9,8933
UK284,TBB_DEF_70-99_0_0,170,2009,4,40,Groot,4.7,9419
UK45,TBB_DEF_70-99_0_0,179,2009,4,40,Groot,3.8,10999
GO4,TBB_DEF_70-99_0_0,130,2009,4,43,Groot,4,7897
TX29,TBB_DEF_70-99_0_0,161,2009,4,43,Groot,4,9028
UK45,TBB_DEF_70-99_0_0,180,2009,4,44,Groot,3.8,10878
GO28,TBB_DEF_70-99_0_0,113,2009,4,45,Groot,4.1,12051
GO4,TBB_DEF_70-99_0_0,131,2009,4,47,Groot,4.1,8147
TX29,TBB_DEF_70-99_0_0,162,2009,4,47,Groot,3.9,8933
UK45,TBB_DEF_70-99_0_0,181,2009,4,48,Groot,3.5,10153
TX19,TBB_DEF_70-99_0_0,153,2009,4,49,Groot,4.3,8669
UK284,TBB_DEF_70-99_0_0,171,2009,4,49,Groot,4.1,8252
GO31,TBB_DEF_70-99_0_0,114,2009,4,50,Groot,3.9,7836
GO4,TBB_DEF_70-99_0_0,132,2009,4,50,Groot,3.9,7814
TX29,TBB_DEF_70-99_0_0,163,2009,4,50,Groot,3.9,8933
UK284,TBB_DEF_70-99_0_0,172,2009,4,51,Groot,4,7919
TX19,TBB_DEF_70-99_0_0,154,2009,4,52,Groot,8.8,17505
UK64,TBB_DEF_70-99_0_0,192,2010,1,8,Groot,4.4,8752
TX1,TBB_DEF_70-99_0_0,193,2010,1,11,Groot,4.3,8479
GO4,TBB_DEF_70-99_0_0,194,2010,2,17,Groot,3.8,7581
SL42,TBB_DEF_70-99_0_0,195,2010,2,21,Groot,3.2,6401
UK95,TBB_DEF_70-99_0_0,196,2010,3,38,Groot,4.1,8147
UK34,TBB_DEF_70-99_0_0,197,2010,4,39,Groot,4.4,8836
GO38,TBB_DEF_70-99_0_0,198,2010,4,42,Groot,4.2,8402
GO5,TBB_DEF_70-99_0_0,199,2010,4,49,Groot,4,8008
GO28,TBB_DEF_70-99_0_0,213,2010,1,11,Groot,4.1,12051
GO28,TBB_DEF_70-99_0_0,214,2010,2,19,Groot,4.1,12051
GO28,TBB_DEF_70-99_0_0,215,2010,3,28,Groot,3.9,11559
GO28,TBB_DEF_70-99_0_0,216,2010,3,38,Groot,4,11805
GO28,TBB_DEF_70-99_0_0,217,2010,4,42,Groot,4.2,12420
GO28,TBB_DEF_70-99_0_0,218,2010,4,46,Groot,3.7,10944
GO28,TBB_DEF_70-99_0_0,219,2010,4,49,Groot,4,11805
GO29,TBB_DEF_70-99_0_0,220,2010,2,19,Euro,1.5,444.5
GO4,TBB_DEF_70-99_0_0,221,2010,1,4,Groot,3.1,6085
GO4,TBB_DEF_70-99_0_0,222,2010,1,8,Groot,4.1,8080
GO4,TBB_DEF_70-99_0_0,223,2010,1,12,Groot,4,8064
GO4,TBB_DEF_70-99_0_0,226,2010,3,35,Groot,3.6,7149
GO4,TBB_DEF_70-99_0_0,227,2010,4,41,Groot,3.9,7814
GO4,TBB_DEF_70-99_0_0,228,2010,4,45,Groot,3.5,7.00E+03
GO4,TBB_DEF_70-99_0_0,229,2010,4,50,Groot,3.1,6235
GO48,TBB_DEF_70-99_0_0,230,2010,1,5,Groot,4.2,8313
GO48,TBB_DEF_70-99_0_0,231,2010,1,9,Groot,4.2,8313
GO48,TBB_DEF_70-99_0_0,232,2010,2,14,Groot,3.6,7232
GO48,TBB_DEF_70-99_0_0,233,2010,2,18,Groot,4.2,8296
GO48,TBB_DEF_70-99_0_0,234,2010,2,24,Groot,3.2,6401
GO48,TBB_DEF_70-99_0_0,235,2010,3,32,Groot,4.2,8396
GO48,TBB_DEF_70-99_0_0,236,2010,3,36,Groot,4.2,8396
GO48,TBB_DEF_70-99_0_0,237,2010,4,40,Groot,4.2,8368
GO48,TBB_DEF_70-99_0_0,238,2010,4,44,Groot,4.3,8479
GO58,TBB_DEF_70-99_0_0,239,2010,2,16,Euro,4.3,1277
GO58,TBB_DEF_70-99_0_0,240,2010,2,18,Euro,2.3,689
GO58,TBB_DEF_70-99_0_0,241,2010,2,19,Euro,3.5,1039
HD22,TBB_DEF_70-99_0_0,244,2010,1,7,Groot,6.7,13411
HD22,TBB_DEF_70-99_0_0,245,2010,1,10,Groot,6.7,13311
HD22,TBB_DEF_70-99_0_0,246,2010,2,15,Groot,4.3,8680
HD22,TBB_DEF_70-99_0_0,247,2010,2,19,Groot,4.3,8497
HD22,TBB_DEF_70-99_0_0,248,2010,3,31,Groot,4.3,8580
HD22,TBB_DEF_70-99_0_0,249,2010,4,42,Groot,6.6,13245
HD3,TBB_DEF_70-99_0_0,250,2010,2,15,Euro,4.4,1330
HD36,TBB_DEF_70-99_0_0,253,2010,1,4,Euro,3,889
HD36,TBB_DEF_70-99_0_0,257,2010,2,19,Euro,4.3,1305
OD50,TBB_DEF_70-99_0_0,265,2010,1,6,Euro,2.6,781
OD50,TBB_DEF_70-99_0_0,266,2010,1,9,Euro,3.8,1142
OD50,TBB_DEF_70-99_0_0,267,2010,2,14,Euro,2.15,646
OD50,TBB_DEF_70-99_0_0,268,2010,2,17,Euro,4.1,1230
OD50,TBB_DEF_70-99_0_0,269,2010,2,24,Euro,4.2,1265
OD50,TBB_DEF_70-99_0_0,270,2010,3,30,Euro,2.05,616
OD50,TBB_DEF_70-99_0_0,271,2010,4,40,Euro,1.75,530.25
OD50,TBB_DEF_70-99_0_0,272,2010,4,48,Euro,1.45,444.5
OD6,TBB_DEF_70-99_0_0,273,2010,1,5,Groot,4.1,7428
OD6,TBB_DEF_70-99_0_0,274,2010,1,9,Groot,2.9,5192
OD6,TBB_DEF_70-99_0_0,279,2010,4,44,Groot,4.2,7503
OD6,TBB_DEF_70-99_0_0,280,2010,4,48,Groot,4.3,7728
TX19,TBB_DEF_70-99_0_0,293,2010,1,5,Groot,3.2,6418
TX19,TBB_DEF_70-99_0_0,294,2010,1,11,Groot,4.2,8419
TX19,TBB_DEF_70-99_0_0,295,2010,2,19,Groot,4.2,8336
TX19,TBB_DEF_70-99_0_0,296,2010,3,36,Groot,4.3,8669
TX29,TBB_DEF_70-99_0_0,297,2010,1,5,Groot,3.9,8857
TX29,TBB_DEF_70-99_0_0,298,2010,1,11,Groot,4.1,9408
TX29,TBB_DEF_70-99_0_0,299,2010,2,19,Groot,4,9009
TX29,TBB_DEF_70-99_0_0,300,2010,3,28,Groot,3.9,8838
TX29,TBB_DEF_70-99_0_0,301,2010,3,36,Groot,3.9,8933
TX29,TBB_DEF_70-99_0_0,302,2010,4,47,Groot,4,9009
TX29,TBB_DEF_70-99_0_0,303,2010,4,49,Groot,4,9028
UK284,TBB_DEF_70-99_0_0,305,2010,1,4,Groot,4.1,8169
UK284,TBB_DEF_70-99_0_0,306,2010,1,8,Groot,4.2,8336
UK284,TBB_DEF_70-99_0_0,307,2010,2,15,Groot,4.2,8336
UK284,TBB_DEF_70-99_0_0,308,2010,2,23,Groot,4.7,9403
UK284,TBB_DEF_70-99_0_0,309,2010,3,31,Groot,4.6,9236
UK284,TBB_DEF_70-99_0_0,312,2010,4,47,Groot,4.2,8419
UK284,TBB_DEF_70-99_0_0,313,2010,4,50,Groot,4.1,8252
UK45,TBB_DEF_70-99_0_0,314,2010,1,4,Groot,3.1,8944
UK45,TBB_DEF_70-99_0_0,315,2010,1,8,Groot,3.8,10878
UK45,TBB_DEF_70-99_0_0,316,2010,2,15,Groot,3.8,10999
UK45,TBB_DEF_70-99_0_0,317,2010,2,22,Groot,3.8,10999
UK45,TBB_DEF_70-99_0_0,318,2010,3,31,Groot,3.8,10878
UK45,TBB_DEF_70-99_0_0,319,2010,3,38,Groot,3.7,10637
UK45,TBB_DEF_70-99_0_0,321,2010,4,47,Groot,3.7,10782
UK45,TBB_DEF_70-99_0_0,322,2010,4,50,Groot,3.8,10878
WR244,TBB_DEF_70-99_0_0,345,2010,1,7,Euro,4.3,1300
WR244,TBB_DEF_70-99_0_0,346,2010,1,11,Euro,3.5,1039
WR244,TBB_DEF_70-99_0_0,347,2010,2,20,Euro,2.5,751
WR244,TBB_DEF_70-99_0_0,348,2010,2,26,Euro,2.4,726
WR244,TBB_DEF_70-99_0_0,348,2010,3,26,Euro,1.7,501
WR244,TBB_DEF_70-99_0_0,349,2010,4,43,Euro,1.5,457
GO4,TBB_DEF_70-99_0_0,353,2011,1,10,Groot,4.1,8147
GO22,TBB_DEF_70-99_0_0,354,2011,2,13,Groot,4.1,8252
TX36,TBB_DEF_70-99_0_0,355,2011,2,18,Groot,4.3,8586
HD29,TBB_DEF_70-99_0_0,356,2011,2,23,Groot,4.3,8586
GO28,TBB_DEF_70-99_0_0,357,2011,3,37,Groot,4,11805
GO28,TBB_DEF_70-99_0_0,357.1,2011,3,37,Groot,4,11805
GO4,TBB_DEF_70-99_0_0,358,2011,3,39,Groot,4,7914
GO4,TBB_DEF_70-99_0_0,358.1,2011,3,39,Groot,4,7914
UK45,TBB_DEF_70-99_0_0,359,2011,4,43,Groot,3.9,11241
UK45,TBB_DEF_70-99_0_0,359.1,2011,4,43,Groot,3.9,11241
OD6,TBB_DEF_70-99_0_0,360,2011,4,47,Groot,4.2,7541
OD6,TBB_DEF_70-99_0_0,360.1,2011,4,47,Groot,4.2,7541
GO4,TBB_DEF_70-99_0_0,362,2011,1,6,Groot,3.9,7798
GO4,TBB_DEF_70-99_0_0,363,2011,1,9,Groot,4,8064
GO4,TBB_DEF_70-99_0_0,364,2011,1,12,Groot,4.1,8113
GO4,TBB_DEF_70-99_0_0,365,2011,3,36,Groot,4,7997
GO28,TBB_DEF_70-99_0_0,367,2011,1,7,Groot,4,11805
GO28,TBB_DEF_70-99_0_0,368,2011,3,28,Groot,3.5,10329
GO28,TBB_DEF_70-99_0_0,369,2011,3,36,Groot,3.9,11559
GO48,TBB_DEF_70-99_0_0,371,2011,1,6,Groot,4.1,8230
GO48,TBB_DEF_70-99_0_0,372,2011,1,10,Groot,4.1,8230
GO48,TBB_DEF_70-99_0_0,373,2011,3,27,Groot,4.1,8230
GO48,TBB_DEF_70-99_0_0,374,2011,3,32,Groot,1.85,3699
GO48,TBB_DEF_70-99_0_0,375,2011,3,36,Groot,4.3,8479
GO58,TBB_DEF_70-99_0_0,376,2011,1,13,Euro,4,1190
GO58,TBB_DEF_70-99_0_0,377,2011,3,33,Euro,4.2,1255
HD22,TBB_DEF_70-99_0_0,383,2011,1,10,Groot,6.6,13228
HD22,TBB_DEF_70-99_0_0,384,2011,3,28,Groot,3.9,7830
HD22,TBB_DEF_70-99_0_0,385,2011,3,37,Groot,6.5,12995
OD6,TBB_DEF_70-99_0_0,392,2011,1,6,Groot,4.1,7422
OD50,TBB_DEF_70-99_0_0,396,2011,1,6,Euro,3.2,957
OD50,TBB_DEF_70-99_0_0,397,2011,3,38,Euro,2.15,638.5
TX19,TBB_DEF_70-99_0_0,399,2011,1,12,Groot,4.3,8586
TX29,TBB_DEF_70-99_0_0,400,2011,1,7,Groot,3.4,7678
TX29,TBB_DEF_70-99_0_0,401,2011,1,11,Groot,3.9,8933
TX29,TBB_DEF_70-99_0_0,402,2011,3,27,Groot,3.9,8933
TX29,TBB_DEF_70-99_0_0,403,2011,3,36,Groot,3.9,8933
UK45,TBB_DEF_70-99_0_0,405,2011,1,7,Groot,3.8,10878
UK45,TBB_DEF_70-99_0_0,406,2011,1,11,Groot,3.8,10878
UK284,TBB_DEF_70-99_0_0,408,2011,1,7,Groot,4.3,8586
UK284,TBB_DEF_70-99_0_0,409,2011,1,11,Groot,4.5,9069
UK284,TBB_DEF_70-99_0_0,410,2011,3,34,Groot,4.6,9169
UK284,TBB_DEF_70-99_0_0,412,2011,3,38,Groot,4.5,9086
GO4,TBB_DEF_70-99_0_0,427,2011,4,42,Groot,4,7980
GO28,TBB_DEF_70-99_0_0,428,2011,4,42,Groot,4.2,12297
GO28,TBB_DEF_70-99_0_0,429,2011,4,46,Groot,4,11928
GO48,TBB_DEF_70-99_0_0,430,2011,4,40,Groot,4.3,8479
GO48,TBB_DEF_70-99_0_0,431,2011,4,44,Groot,4.2,8313
GO48,TBB_DEF_70-99_0_0,432,2011,4,48,Groot,4.2,8396
HD22,TBB_DEF_70-99_0_0,434,2011,4,41,Groot,4.4,8830
HD22,TBB_DEF_70-99_0_0,435,2011,4,49,Groot,6,12054
HD36,TBB_DEF_70-99_0_0,438,2011,4,52,Euro,1.9,569
WR244,TBB_DEF_70-99_0_0,443,2011,2,16,Euro,2.95,883
GO4,TBB_DEF_70-99_0_0,444,2011,2,16,Groot,4,7980
GO4,TBB_DEF_70-99_0_0,445,2011,2,20,Groot,4.1,8080
GO4,TBB_DEF_70-99_0_0,446,2011,2,24,Groot,3.3,6501
GO28,TBB_DEF_70-99_0_0,447,2011,2,19,Groot,3.8,11313
GO29,TBB_DEF_70-99_0_0,448,2011,2,18,Euro,0.366666667,112.6666667
GO48,TBB_DEF_70-99_0_0,449,2011,2,14,Groot,4.1,8230
GO48,TBB_DEF_70-99_0_0,450,2011,2,19,Groot,4.2,8313
GO48,TBB_DEF_70-99_0_0,451,2011,2,24,Groot,4.3,8562
GO58,TBB_DEF_70-99_0_0,452,2011,2,17,Euro,4.3,1290
HD22,TBB_DEF_70-99_0_0,454,2011,2,15,Groot,6.6,13178
HD22,TBB_DEF_70-99_0_0,455,2011,2,19,Groot,4.3,8663
HD22,TBB_DEF_70-99_0_0,456,2011,2,23,Groot,4.4,8747
OD50,TBB_DEF_70-99_0_0,461,2011,2,15,Euro,4.3,1302
OD50,TBB_DEF_70-99_0_0,462,2011,2,19,Euro,4.2,1260
OD50,TBB_DEF_70-99_0_0,463,2011,2,24,Euro,3.3,1002
TX29,TBB_DEF_70-99_0_0,464,2011,2,16,Groot,1.6,3706
OD6,TBB_DEF_70-99_0_0,470,2011,4,44,Groot,4.2,7631
OD6,TBB_DEF_70-99_0_0,471,2011,4,46,Groot,4.2,7612
OD50,TBB_DEF_70-99_0_0,473,2011,4,44,Euro,4.2,1272
OD50,TBB_DEF_70-99_0_0,474,2011,4,47,Euro,4,1212
TX29,TBB_DEF_70-99_0_0,475,2011,3,39,Groot,3.8,8743
TX29,TBB_DEF_70-99_0_0,476,2011,4,42,Groot,3.9,8838
TX29,TBB_DEF_70-99_0_0,477,2011,4,46,Groot,3.9,8838
TX29,TBB_DEF_70-99_0_0,478,2011,4,49,Groot,3,6805
UK45,TBB_DEF_70-99_0_0,481,2011,2,15,Groot,3.8,10878
UK45,TBB_DEF_70-99_0_0,482,2011,2,25,Groot,3.8,10902
UK284,TBB_DEF_70-99_0_0,484,2011,4,44,Groot,4.2,8419
UK284,TBB_DEF_70-99_0_0,485,2011,4,47,Groot,4.6,9103
UK284,TBB_DEF_70-99_0_0,486,2011,4,50,Groot,4.2,8419
UK45,TBB_DEF_70-99_0_0,492,2011,3,38,Groot,3.8,11120
WR244,TBB_DEF_70-99_0_0,496,2011,4,41,Euro,2.5,736
WR244,TBB_DEF_70-99_0_0,499,2011,4,46,Euro,2,588.5
UK45,TBB_DEF_70-99_0_0,500,2011,4,47,Groot,3.8,10902
UK45,TBB_DEF_70-99_0_0,501,2011,4,50,Groot,1.9,5548
GO14,TBB_DEF_70-99_0_0,606,2012,1,9,Groot,4.1,8129
GO31,TBB_DEF_70-99_0_0,607,2012,1,9,Groot,4,8021
GO48,TBB_DEF_70-99_0_0,608,2012,1,12,Groot,4.1,8207
HD22,TBB_DEF_70-99_0_0,610,2012,1,11,Groot,6.5,13071
OD50,TBB_DEF_70-99_0_0,614,2012,1,6,Euro,4.2,1265
OD50,TBB_DEF_70-99_0_0,615,2012,1,9,Euro,4.2,1252
OD6,TBB_DEF_70-99_0_0,616,2012,1,6,Groot,4.1,7442
OD6,TBB_DEF_70-99_0_0,617,2012,1,9,Groot,4.3,7688
TH10,TBB_DEF_70-99_0_0,618,2012,1,12,Euro,2.05,614
TX29,TBB_DEF_70-99_0_0,619,2012,1,6,Groot,4.2,9537
UK284,TBB_DEF_70-99_0_0,620,2012,1,7,Groot,4.4,8836
UK284,TBB_DEF_70-99_0_0,621,2012,1,11,Groot,4.7,9336
UK45,TBB_DEF_70-99_0_0,622,2012,1,7,Groot,3.8,10999
GO14,TBB_DEF_70-99_0_0,627,2012,2,14,Groot,4.2,8415
GO14,TBB_DEF_70-99_0_0,628,2012,2,18,Groot,4.2,8331
GO14,TBB_DEF_70-99_0_0,629,2012,2,24,Groot,4.1,8131
GO31,TBB_DEF_70-99_0_0,630,2012,2,16,Groot,4.2,8333
GO31,TBB_DEF_70-99_0_0,631,2012,2,19,Groot,4,8091
GO48,TBB_DEF_70-99_0_0,632,2012,2,16,Groot,4,7955
GO48,TBB_DEF_70-99_0_0,633,2012,2,18,Groot,4.1,8198
GO48,TBB_DEF_70-99_0_0,634,2012,2,24,Groot,4,7990
HD22,TBB_DEF_70-99_0_0,637,2012,2,15,Groot,6.6,13126
HD22,TBB_DEF_70-99_0_0,638,2012,2,19,Groot,5.3,10552
HD22,TBB_DEF_70-99_0_0,640,2012,2,23,Groot,4.2,8392
OD50,TBB_DEF_70-99_0_0,646,2012,2,14,Euro,4,1215
TH10,TBB_DEF_70-99_0_0,650,2012,2,19,Euro,1.2,364.6666667
TH10,TBB_DEF_70-99_0_0,651,2012,2,23,Euro,2.1,634
TH7,TBB_DEF_70-99_0_0,652,2012,2,19,Euro,2.1,626.5
TX29,TBB_DEF_70-99_0_0,653,2012,2,16,Groot,3.9,8847
TX29,TBB_DEF_70-99_0_0,654,2012,2,23,Groot,3.9,8910
GO14,TBB_DEF_70-99_0_0,659,2012,3,29,Groot,4.2,8479
GO14,TBB_DEF_70-99_0_0,660,2012,3,32,Groot,4.2,8317
GO14,TBB_DEF_70-99_0_0,661,2012,3,36,Groot,4.1,8121
GO31,TBB_DEF_70-99_0_0,662,2012,3,35,Groot,4,8043
GO48,TBB_DEF_70-99_0_0,663,2012,3,32,Groot,4.2,8356
GO48,TBB_DEF_70-99_0_0,664,2012,3,36,Groot,3.5,6918
HD22,TBB_DEF_70-99_0_0,668,2012,3,29,Groot,6.7,13324
HD22,TBB_DEF_70-99_0_0,669,2012,3,32,Groot,4.5,8913
HD22,TBB_DEF_70-99_0_0,670,2012,3,37,Groot,6.6,13099
OD50,TBB_DEF_70-99_0_0,673,2012,3,36,Euro,2.1,626.5
TH10,TBB_DEF_70-99_0_0,676,2012,3,31,Euro,1.9,562
TH7,TBB_DEF_70-99_0_0,677,2012,3,29,Euro,2.15,651.5
TX29,TBB_DEF_70-99_0_0,678,2012,3,28,Groot,3.9,8811
TX29,TBB_DEF_70-99_0_0,679,2012,3,36,Groot,3.9,8823
WR244,TBB_DEF_70-99_0_0,686,2012,3,27,Euro,1.266666667,380
WR244,TBB_DEF_70-99_0_0,687,2012,3,37,Euro,2,595
GO31,TBB_DEF_70-99_0_0,688,2012,1,12,Groot,4.1,8139
GO31,TBB_DEF_70-99_0_0,689,2012,3,29,Groot,4,7986
HD22,TBB_DEF_70-99_0_0,703,2012,1,5,Groot,6.7,13425
HD22,TBB_DEF_70-99_0_0,703.1,2012,1,5,Groot,6.7,13425
TX29,TBB_DEF_70-99_0_0,705,2012,1,11,Groot,3.9,8899
TX29,TBB_DEF_70-99_0_0,705.1,2012,1,11,Groot,3.9,8899
OD50,TBB_DEF_70-99_0_0,709,2012,3,39,Euro,1.9,564
OD50,TBB_DEF_70-99_0_0,709.1,2012,3,39,Euro,0.7,213
UK33,TBB_DEF_70-99_0_0,710,2012,4,47,Groot,4.4,10436
UK33,TBB_DEF_70-99_0_0,710.1,2012,4,47,Groot,4.4,10436
TH10,TBB_DEF_70-99_0_0,711,2012,4,48,Euro,1.95,591.5
TH10,TBB_DEF_70-99_0_0,711.1,2012,4,48,Euro,1.95,591.5
GO48,TBB_DEF_70-99_0_0,712,2012,4,48,Groot,4.1,8112
GO48,TBB_DEF_70-99_0_0,712.1,2012,4,48,Groot,4.1,8112
GO14,TBB_DEF_70-99_0_0,713,2012,1,6,Groot,4.2,8366
GO14,TBB_DEF_70-99_0_0,714,2012,4,40,Groot,4.1,8150
GO14,TBB_DEF_70-99_0_0,715,2012,4,44,Groot,4,7993
GO14,TBB_DEF_70-99_0_0,716,2012,4,48,Groot,4.2,8325
GO31,TBB_DEF_70-99_0_0,717,2012,4,40,Groot,4,8041
GO48,TBB_DEF_70-99_0_0,718,2012,3,27,Groot,4.1,8181
GO48,TBB_DEF_70-99_0_0,719,2012,4,40,Groot,4.1,8080
GO48,TBB_DEF_70-99_0_0,720,2012,4,44,Groot,4.1,8085
HD22,TBB_DEF_70-99_0_0,723,2012,4,41,Groot,5.8,11561
HD22,TBB_DEF_70-99_0_0,724,2012,4,45,Groot,6.2,12472
OD50,TBB_DEF_70-99_0_0,726,2012,2,25,Euro,2.1,632.5
OD6,TBB_DEF_70-99_0_0,729,2012,4,44,Groot,4,7249
TH10,TBB_DEF_70-99_0_0,730,2012,4,41,Euro,2.15,637.5
TH7,TBB_DEF_70-99_0_0,731,2012,4,41,Euro,2.1,641
TX29,TBB_DEF_70-99_0_0,732,2012,3,39,Groot,3.9,8890
TX29,TBB_DEF_70-99_0_0,733,2012,4,42,Groot,3.9,8902
TX29,TBB_DEF_70-99_0_0,734,2012,4,46,Groot,3.9,8895
UK284,TBB_DEF_70-99_0_0,746,2012,4,43,Groot,4.2,8483
UK284,TBB_DEF_70-99_0_0,747,2012,4,47,Groot,4.6,9266
UK33,TBB_DEF_70-99_0_0,748,2012,1,12,Groot,4.6,10869
UK33,TBB_DEF_70-99_0_0,749,2012,4,43,Groot,4,9617
UK45,TBB_DEF_70-99_0_0,752,2012,3,31,Groot,3.3,9657
UK45,TBB_DEF_70-99_0_0,753,2012,3,38,Groot,3.9,11268
GO58,TBB_DEF_70-99_0_0,754,2012,2,17,Euro,4.1,1227
UK45,TBB_DEF_70-99_0_0,755,2012,4,43,Groot,3.9,11186
WR244,TBB_DEF_70-99_0_0,763,2012,4,41,Euro,1.7,519.5
WR244,TBB_DEF_70-99_0_0,765,2013,2,22,Euro,1.6,473
WR244,TBB_DEF_70-99_0_0,765.1,2013,2,22,Euro,2.3,684
TX29,TBB_DEF_70-99_0_0,769,2013,1,5,Groot,3.9,8790
TX29,TBB_DEF_70-99_0_0,769.1,2013,1,5,Groot,3.9,8790
OD6,TBB_DEF_70-99_0_0,770,2013,1,10,Groot,4.3,7766
OD6,TBB_DEF_70-99_0_0,770.1,2013,1,10,Groot,4.3,7766
GO31,TBB_DEF_70-99_0_0,772,2013,1,9,Groot,4,8064
GO31,TBB_DEF_70-99_0_0,773,2013,1,12,Groot,4.1,8118
GO31,TBB_DEF_70-99_0_0,774,2013,2,19,Groot,4,8077
GO31,TBB_DEF_70-99_0_0,775,2013,2,24,Groot,4.2,8371
GO48,TBB_DEF_70-99_0_0,776,2013,1,9,Groot,4.1,8154
GO48,TBB_DEF_70-99_0_0,777,2013,2,18,Groot,3,6061
GO48,TBB_DEF_70-99_0_0,778,2013,2,24,Groot,3.8,7646
HD22,TBB_DEF_70-99_0_0,781,2013,1,10,Groot,6.6,13245
HD22,TBB_DEF_70-99_0_0,782,2013,2,15,Groot,6.5,12925
HD22,TBB_DEF_70-99_0_0,783,2013,2,19,Groot,4.4,8803
HD22,TBB_DEF_70-99_0_0,784,2013,2,24,Groot,4.4,8850
OD6,TBB_DEF_70-99_0_0,789,2013,1,6,Groot,4.3,7657
OD50,TBB_DEF_70-99_0_0,791,2013,1,10,Euro,3.4,1014
OD50,TBB_DEF_70-99_0_0,792,2013,2,24,Euro,6.4,1922
TH7,TBB_DEF_70-99_0_0,794,2013,2,22,Euro,2.05,621
TH7,TBB_DEF_70-99_0_0,795,2013,2,24,Euro,2.05,621.5
TH10,TBB_DEF_70-99_0_0,796,2013,1,12,Euro,2.15,642
TH10,TBB_DEF_70-99_0_0,797,2013,2,22,Euro,2.1,631
TH10,TBB_DEF_70-99_0_0,798,2013,2,24,Euro,2.1,632.5
TX29,TBB_DEF_70-99_0_0,799,2013,1,11,Groot,4.1,9357
TX29,TBB_DEF_70-99_0_0,800,2013,2,16,Groot,3.9,8857
TX29,TBB_DEF_70-99_0_0,802,2013,2,26,Groot,3.9,8895
UK33,TBB_DEF_70-99_0_0,804,2013,1,8,Groot,4.6,10986
UK33,TBB_DEF_70-99_0_0,805,2013,1,11,Groot,4.7,11183
UK33,TBB_DEF_70-99_0_0,806,2013,2,16,Groot,4.4,10443
UK284,TBB_DEF_70-99_0_0,812,2013,1,8,Groot,4.2,8452
UK284,TBB_DEF_70-99_0_0,813,2013,1,11,Groot,4.1,8238
GO31,TBB_DEF_70-99_0_0,823,2013,3,29,Groot,4.1,8278
GO31,TBB_DEF_70-99_0_0,824,2013,3,35,Groot,4,8056
GO31,TBB_DEF_70-99_0_0,825,2013,4,40,Groot,4,8048
GO48,TBB_DEF_70-99_0_0,826,2013,3,27,Groot,4.1,8251
GO48,TBB_DEF_70-99_0_0,827,2013,3,36,Groot,4,8041
GO48,TBB_DEF_70-99_0_0,828,2013,4,40,Groot,4.1,8212
HD22,TBB_DEF_70-99_0_0,829,2013,3,28,Groot,4.2,8301
HD22,TBB_DEF_70-99_0_0,830,2013,3,32,Groot,4.3,8637
HD22,TBB_DEF_70-99_0_0,831,2013,3,37,Groot,6.3,12618
OD50,TBB_DEF_70-99_0_0,835,2013,3,29,Euro,6.4,1930
TH10,TBB_DEF_70-99_0_0,839,2013,3,30,Euro,1.433333333,422
TX29,TBB_DEF_70-99_0_0,840,2013,3,28,Groot,3.9,8863
TX29,TBB_DEF_70-99_0_0,841,2013,3,36,Groot,3.8,8576
TX29,TBB_DEF_70-99_0_0,842,2013,4,40,Groot,3.9,8820
UK284,TBB_DEF_70-99_0_0,851,2013,3,39,Groot,4.4,8747
UK33,TBB_DEF_70-99_0_0,852,2013,3,38,Groot,4.6,11048
UK45,TBB_DEF_70-99_0_0,853,2013,3,31,Groot,3.8,10965
UK45,TBB_DEF_70-99_0_0,854,2013,3,38,Groot,3.8,11130
WR244,TBB_DEF_70-99_0_0,862,2013,3,31,Euro,1.95,585
WR244,TBB_DEF_70-99_0_0,863,2013,3,33,Euro,2,600.5
WR244,TBB_DEF_70-99_0_0,864,2013,3,37,Euro,2.4,720
GO31,TBB_DEF_70-99_0_0,865,2013,4,46,Groot,4,7973
GO31,TBB_DEF_70-99_0_0,866,2013,4,49,Groot,3.4,6727
GO48,TBB_DEF_70-99_0_0,867,2013,4,45,Groot,4.1,8183
GO48,TBB_DEF_70-99_0_0,867.1,2013,4,45,Groot,4.1,8183
GO48,TBB_DEF_70-99_0_0,868,2013,4,49,Groot,3.3,6542
HD22,TBB_DEF_70-99_0_0,869,2013,4,41,Groot,6.6,13148
HD22,TBB_DEF_70-99_0_0,870,2013,4,45,Groot,5.5,10962
HD22,TBB_DEF_70-99_0_0,871,2013,4,49,Groot,5.6,11124
OD6,TBB_DEF_70-99_0_0,875,2013,4,41,Groot,4.3,7750
OD6,TBB_DEF_70-99_0_0,876,2013,4,46,Groot,4.1,7468
OD6,TBB_DEF_70-99_0_0,877,2013,4,48,Groot,4.2,7620
OD50,TBB_DEF_70-99_0_0,878,2013,4,41,Euro,7.4,2219
RN1,TBB_DEF_70-99_0_0,880,2013,4,50,Groot,5,10050.4
TH10,TBB_DEF_70-99_0_0,881,2013,4,42,Euro,4.2,1249
TH10,TBB_DEF_70-99_0_0,882,2013,4,45,Euro,4,1209
TX29,TBB_DEF_70-99_0_0,883,2013,4,43,Groot,3.9,8890
TX29,TBB_DEF_70-99_0_0,884,2013,4,50,Groot,3.9,8829
UK33,TBB_DEF_70-99_0_0,886,2013,4,43,Groot,4.3,10227
UK33,TBB_DEF_70-99_0_0,887,2013,4,46,Groot,4.3,10313
UK33,TBB_DEF_70-99_0_0,887.1,2013,4,46,Groot,4.3,10313
UK45,TBB_DEF_70-99_0_0,889,2013,4,46,Groot,3.9,11294
UK45,TBB_DEF_70-99_0_0,889.1,2013,4,46,Groot,3.9,11294
WR244,TBB_DEF_70-99_0_0,893,2013,4,41,Euro,3,900
UK45,TBB_DEF_70-99_0_0,899,2013,2,25,Groot,3.8,10896
HD22,TBB_DEF_70-99_0_0,900,2014,1,5,Groot,6.6,13241
UK284,TBB_DEF_70-99_0_0,902,2014,1,5,Groot,3.9,7836
RN1,TBB_DEF_70-99_0_0,903,2014,1,5,Groot,5,10050.4
TX29,TBB_DEF_70-99_0_0,905,2014,1,5,Groot,3.9,8895
TX29,TBB_DEF_70-99_0_0,905.1,2014,1,5,Groot,3.9,8895
UK45,TBB_DEF_70-99_0_0,906,2014,1,5,Groot,3.9,11218
UK33,TBB_DEF_70-99_0_0,909,2014,1,8,Groot,4.5,10781
RN1,TBB_DEF_70-99_0_0,910,2014,1,8,Groot,4,8040.32
UK284,TBB_DEF_70-99_0_0,911,2014,1,8,Groot,4.1,8186
UK45,TBB_DEF_70-99_0_0,912,2014,1,8,Groot,3.9,11193
HD22,TBB_DEF_70-99_0_0,915,2014,1,10,Groot,6.4,12782
TX29,TBB_DEF_70-99_0_0,916,2014,1,10,Groot,3.8,8715
UK284,TBB_DEF_70-99_0_0,919,2014,1,11,Groot,4.1,8252
UK33,TBB_DEF_70-99_0_0,920,2014,1,11,Groot,4.4,10387
RN1,TBB_DEF_70-99_0_0,921,2014,1,11,Groot,5,10050.4
UK33,TBB_DEF_70-99_0_0,926,2014,2,14,Groot,4.5,10807
UK284,TBB_DEF_70-99_0_0,928,2014,2,14,Groot,4.6,9253
HD22,TBB_DEF_70-99_0_0,931,2014,2,15,Groot,6.6,9834
TX29,TBB_DEF_70-99_0_0,932,2014,2,15,Groot,4.1,9454
TH10,TBB_DEF_70-99_0_0,937,2014,2,17,Euro,1.3,386
TH10,TBB_DEF_70-99_0_0,937.1,2014,2,17,Euro,1.8,539
OD50,TBB_DEF_70-99_0_0,939,2014,2,18,Euro,4,1194
UK284,TBB_DEF_70-99_0_0,942,2014,2,19,Groot,4.6,9165
TX29,TBB_DEF_70-99_0_0,944,2014,2,20,Groot,3.7,8382
TX29,TBB_DEF_70-99_0_0,953,2014,2,24,Groot,3.3,7495
UK45,TBB_DEF_70-99_0_0,956,2014,2,25,Groot,3.9,11197
UK33,TBB_DEF_70-99_0_0,958,2014,2,25,Groot,3.9,9277
HD22,TBB_DEF_70-99_0_0,963,2014,3,27,Groot,5.2,7788
TX29,TBB_DEF_70-99_0_0,966,2014,3,28,Groot,3.8,8662
UK33,TBB_DEF_70-99_0_0,969,2014,3,31,Groot,4.1,9761
UK45,TBB_DEF_70-99_0_0,971,2014,3,31,Groot,3.8,10967
UK284,TBB_DEF_70-99_0_0,976,2014,3,32,Groot,4.7,9336
UK33,TBB_DEF_70-99_0_0,977,2014,3,34,Groot,4,9587
UK284,TBB_DEF_70-99_0_0,978,2014,3,34,Groot,4.2,8402
TX29,TBB_DEF_70-99_0_0,981,2014,3,34,Groot,3.7,8358
HD22,TBB_DEF_70-99_0_0,983,2014,3,37,Groot,4.3,6432
TX29,TBB_DEF_70-99_0_0,986,2014,3,38,Groot,3.8,8626
UK284,TBB_DEF_70-99_0_0,987,2014,3,38,Groot,4.1,8113
UK33,TBB_DEF_70-99_0_0,988,2014,3,38,Groot,4.4,10360
WR244,TBB_DEF_70-99_0_0,989,2014,3,39,Euro,2,605.5
HD22,TBB_DEF_70-99_0_0,992,2014,4,41,Groot,4.3,6468
TH10,TBB_DEF_70-99_0_0,994,2014,1,6,Euro,3,891
OD6,TBB_DEF_70-99_0_0,995,2014,1,6,Groot,4.2,7631
GO48,TBB_DEF_70-99_0_0,996,2014,1,6,Groot,3.8,7654
TH10,TBB_DEF_70-99_0_0,997,2014,1,9,Euro,1.75,536.5
TH7,TBB_DEF_70-99_0_0,998,2014,1,9,Euro,4.1,1225
GO31,TBB_DEF_70-99_0_0,999,2014,1,9,Groot,4,7914
GO48,TBB_DEF_70-99_0_0,1.00E+03,2014,1,9,Groot,3.7,7348
OD50,TBB_DEF_70-99_0_0,1001,2014,1,10,Euro,2,594
TH10,TBB_DEF_70-99_0_0,1002,2014,1,11,Euro,1.266666667,382.3333333
TH7,TBB_DEF_70-99_0_0,1003,2014,1,11,Euro,3.6,1085
OD6,TBB_DEF_70-99_0_0,1004,2014,1,11,Groot,4.2,7598
GO31,TBB_DEF_70-99_0_0,1005,2014,1,11,Groot,4,7986
OD50,TBB_DEF_70-99_0_0,1006,2014,1,13,Euro,6.6,1994
GO48,TBB_DEF_70-99_0_0,1007,2014,1,13,Groot,2.7,5305
OD6,TBB_DEF_70-99_0_0,1008,2014,1,13,Groot,3.6,6414
GO48,TBB_DEF_70-99_0_0,1009,2014,2,18,Groot,3.6,7085
GO31,TBB_DEF_70-99_0_0,1010,2014,2,19,Groot,3.5,7040
TH10,TBB_DEF_70-99_0_0,1011,2014,2,19,Euro,1.65,492.5
GO48,TBB_DEF_70-99_0_0,1012,2014,2,23,Groot,3.6,7232
GO31,TBB_DEF_70-99_0_0,1013,2014,2,25,Groot,3.8,7638
OD50,TBB_DEF_70-99_0_0,1014,2014,3,27,Euro,3.3,977
GO31,TBB_DEF_70-99_0_0,1015,2014,3,29,Groot,3.8,7680
TH7,TBB_DEF_70-99_0_0,1016,2014,3,32,Euro,3.9,1165
GO31,TBB_DEF_70-99_0_0,1017,2014,3,32,Groot,4.1,8212
GO48,TBB_DEF_70-99_0_0,1018,2014,3,36,Groot,3.6,7197
GO31,TBB_DEF_70-99_0_0,1019,2014,3,36,Groot,4.1,8193
TH7,TBB_DEF_70-99_0_0,1020,2014,3,39,Euro,1.8,548
GO31,TBB_DEF_70-99_0_0,1021,2014,3,39,Groot,4.1,8200
GO31,TBB_DEF_70-99_0_0,1021.1,2014,3,39,Groot,4.1,8200
GO48,TBB_DEF_70-99_0_0,1022,2014,4,40,Groot,3.6,7212
OD6,TBB_DEF_70-99_0_0,1023,2014,4,40,Groot,4.2,7491
GO48,TBB_DEF_70-99_0_0,1024,2014,4,43,Groot,3.5,7078
GO48,TBB_DEF_70-99_0_0,1025,2014,4,44,Groot,3.7,7366
OD6,TBB_DEF_70-99_0_0,1026,2014,4,44,Groot,4.3,7766
GO31,TBB_DEF_70-99_0_0,1027,2014,4,46,Groot,3.8,7559
TH10,TBB_DEF_70-99_0_0,1028,2014,4,46,Euro,1.966666667,591.6666667
OD50,TBB_DEF_70-99_0_0,1029,2014,4,46,Euro,2.1,636.5
OD6,TBB_DEF_70-99_0_0,1030,2014,4,48,Groot,4.3,7786
OD50,TBB_DEF_70-99_0_0,1031,2014,4,48,Euro,1.9,571
GO48,TBB_DEF_70-99_0_0,1032,2014,4,48,Groot,3.6,7264
GO31,TBB_DEF_70-99_0_0,1033,2014,4,48,Groot,4.1,8237
HD22,TBB_DEF_70-99_0_0,1034,2014,4,49,Groot,6.7,9982
HD22,TBB_DEF_70-99_0_0,1034.1,2014,4,49,Groot,6.7,9982
TH7,TBB_DEF_70-99_0_0,1035,2014,4,43,Euro,1.9,579
TH7,TBB_DEF_70-99_0_0,1035.1,2014,4,43,Euro,1.4,420
UK284,TBB_DEF_70-99_0_0,1036,2014,4,49,Groot,4,8017
UK284,TBB_DEF_70-99_0_0,1036.1,2014,4,49,Groot,4,8017
UK33,TBB_DEF_70-99_0_0,1038,2014,4,43,Groot,1.6,3788
TX29,TBB_DEF_70-99_0_0,1039,2014,4,43,Groot,3.9,8939
UK45,TBB_DEF_70-99_0_0,1040,2014,4,43,Groot,1.9,5515
UK284,TBB_DEF_70-99_0_0,1042,2014,4,44,Groot,4.6,9199
TX29,TBB_DEF_70-99_0_0,1044,2014,4,45,Groot,3.9,8796
UK33,TBB_DEF_70-99_0_0,1045,2014,4,45,Groot,4.1,9704
UK284,TBB_DEF_70-99_0_0,1047,2014,4,45,Groot,4.7,9309
RN1,TBB_DEF_70-99_0_0,1048,2014,4,45,Groot,5,10050.4
WR244,TBB_DEF_70-99_0_0,1050,2014,4,47,Euro,2.1,627.5
UK45,TBB_DEF_70-99_0_0,1051,2014,4,47,Groot,4.2,12238
HD22,TBB_DEF_70-99_0_0,1052,2014,4,47,Groot,6.7,9991
RN1,TBB_DEF_70-99_0_0,1053,2014,4,47,Groot,5,10050.4
UK284,TBB_DEF_70-99_0_0,1054,2014,4,48,Groot,4.2,8438
UK33,TBB_DEF_70-99_0_0,1055,2014,4,48,Groot,5.1,12059
UK45,TBB_DEF_70-99_0_0,1056,2014,4,49,Groot,4.2,12219
UK33,TBB_DEF_70-99_0_0,1057,2014,4,50,Groot,2.1,4985
UK45,TBB_DEF_70-99_0_0,1058,2014,4,50,Groot,2.3,6569
WR244,TBB_DEF_70-99_0_0,1059,2014,4,45,Euro,1.75,526
TX29,TBB_DEF_70-99_0_0,1060,2014,4,48,Groot,3.9,8920
GO48,TBB_DEF_70-99_0_0,1061,2015,1,6,Groot,3.8,7564
OD50,TBB_DEF_70-99_0_0,1062,2015,1,6,Euro,3.9,1163
OD6,TBB_DEF_70-99_0_0,1063,2015,1,6,Groot,4.3,7653
UK33,TBB_DEF_70-99_0_0,1064,2015,1,6,Groot,5.1,12236
UK45,TBB_DEF_70-99_0_0,1065,2015,1,6,Groot,4.2,12182
UK284,TBB_DEF_70-99_0_0,1066,2015,1,6,Groot,5.1,10167
TX29,TBB_DEF_70-99_0_0,1067,2015,1,6,Groot,3.9,8823
TX29,TBB_DEF_70-99_0_0,1067.1,2015,1,6,Groot,3.9,8823
TH7,TBB_DEF_70-99_0_0,1068,2015,1,8,Euro,4,1202
TH10,TBB_DEF_70-99_0_0,1069,2015,1,8,Euro,3.2,975
GO31,TBB_DEF_70-99_0_0,1070,2015,1,8,Groot,4.1,8179
HD22,TBB_DEF_70-99_0_0,1073,2015,1,8,Groot,4.7,7048
UK158,TBB_DEF_70-99_0_0,1074,2015,1,8,Euro,4.7,1399
RN1,TBB_DEF_70-99_0_0,1075,2015,1,8,Groot,5,10050.4
GO48,TBB_DEF_70-99_0_0,1076,2015,1,10,Groot,3.8,7586
OD6,TBB_DEF_70-99_0_0,1077,2015,1,10,Groot,4.1,7320
OD6,TBB_DEF_70-99_0_0,1078,2015,1,11,Groot,4,7148
OD6,TBB_DEF_70-99_0_0,1078.1,2015,1,11,Groot,4,7148
TX29,TBB_DEF_70-99_0_0,1079,2015,1,10,Groot,4,9029
UK45,TBB_DEF_70-99_0_0,1080,2015,1,10,Groot,4.2,12177
WR244,TBB_DEF_70-99_0_0,1081,2015,1,8,Euro,2.8,1358
UK33,TBB_DEF_70-99_0_0,1082,2015,1,10,Groot,4.2,10041
UK284,TBB_DEF_70-99_0_0,1083,2015,1,10,Groot,4.6,9120
HD22,TBB_DEF_70-99_0_0,1086,2015,1,12,Groot,4.1,6093
UK158,TBB_DEF_70-99_0_0,1088,2015,1,12,Euro,4.4,1325
UK33,TBB_DEF_70-99_0_0,1089,2015,1,13,Groot,4.2,10098
WR244,TBB_DEF_70-99_0_0,1091,2015,1,13,Euro,1.85,545.5
UK45,TBB_DEF_70-99_0_0,1092,2015,1,13,Groot,3.9,11249
TH10,TBB_DEF_70-99_0_0,1093,2015,2,15,Euro,1.6,484.5
GO31,TBB_DEF_70-99_0_0,1094,2015,2,15,Groot,3.5,6992
TX29,TBB_DEF_70-99_0_0,1095,2015,2,15,Groot,3.3,7610
UK45,TBB_DEF_70-99_0_0,1096,2015,2,15,Groot,3.3,9707
UK45,TBB_DEF_70-99_0_0,1096.1,2015,2,15,Groot,3.3,9707
WR244,TBB_DEF_70-99_0_0,1098,2015,2,15,Euro,2.9,881.5
UK33,TBB_DEF_70-99_0_0,1100,2015,2,16,Groot,5.3,12589.5
UK158,TBB_DEF_70-99_0_0,1104,2015,2,16,Euro,4,1210
WR244,TBB_DEF_70-99_0_0,1106,2015,2,18,Euro,1.8,532.5
UK33,TBB_DEF_70-99_0_0,1111,2015,2,19,Groot,3.6,8449
UK33,TBB_DEF_70-99_0_0,1111.1,2015,2,19,Groot,3.6,8449
GO31,TBB_DEF_70-99_0_0,1117,2015,2,23,Groot,4.1,8136
OD50,TBB_DEF_70-99_0_0,1123,2015,2,24,Euro,1.6,473
OD50,TBB_DEF_70-99_0_0,1123.1,2015,2,24,Euro,2.5,763
TX29,TBB_DEF_70-99_0_0,1130,2015,2,25,Groot,1.9,4343.5
WR244,TBB_DEF_70-99_0_0,1133,2015,2,25,Euro,2,596
OD50,TBB_DEF_70-99_0_0,1134,2015,3,27,Euro,3.2,954
OD50,TBB_DEF_70-99_0_0,1134.2,2015,3,27,Euro,3.2,954
GO48,TBB_DEF_70-99_0_0,1135,2015,3,27,Groot,3.3,6607
GO31,TBB_DEF_70-99_0_0,1136,2015,3,27,Groot,4.1,8218
UK45,TBB_DEF_70-99_0_0,1139,2015,3,27,Groot,3.9,11355
UK284,TBB_DEF_70-99_0_0,1140,2015,3,27,Groot,4,8036
UK33,TBB_DEF_70-99_0_0,1143,2015,3,27,Groot,4.1,9816
GO31,TBB_DEF_70-99_0_0,1157,2015,3,33,Groot,3.2,6426
TX29,TBB_DEF_70-99_0_0,1160,2015,3,33,Groot,3.7,8494
WR244,TBB_DEF_70-99_0_0,1162,2015,3,33,Euro,1.366666667,408.3333333
GO48,TBB_DEF_70-99_0_0,1165,2015,3,35,Groot,4,7937
UK33,TBB_DEF_70-99_0_0,1166,2015,3,35,Groot,4.4,10488
UK284,TBB_DEF_70-99_0_0,1167,2015,3,35,Groot,4,8071
UK45,TBB_DEF_70-99_0_0,1168,2015,3,35,Groot,4.1,11829
OD6,TBB_DEF_70-99_0_0,1169,2015,3,36,Groot,4.1,7343
OD50,TBB_DEF_70-99_0_0,1170,2015,3,36,Euro,5.9,1769
GO31,TBB_DEF_70-99_0_0,1173,2015,3,37,Groot,3.1,6201
OD6,TBB_DEF_70-99_0_0,1176,2015,3,39,Groot,3.9,6937
GO48,TBB_DEF_70-99_0_0,1177,2015,3,39,Groot,4.1,8084
RN1,TBB_DEF_70-99_0_0,1181,2015,3,39,Groot,5,10050.4
GO31,TBB_DEF_70-99_0_0,1182,2015,4,41,Groot,4.1,8191
TX29,TBB_DEF_70-99_0_0,1184,2015,4,41,Groot,3.9,8830
UK158,TBB_DEF_70-99_0_0,1189,2015,4,41,Euro,4.7,1412
GO48,TBB_DEF_70-99_0_0,1191,2015,4,43,Groot,4.1,8252
OD6,TBB_DEF_70-99_0_0,1192,2015,4,43,Groot,4,7286
UK45,TBB_DEF_70-99_0_0,1196,2015,4,43,Groot,3.6,10490
UK33,TBB_DEF_70-99_0_0,1197,2015,4,43,Groot,3.6,8683
UK284,TBB_DEF_70-99_0_0,1199,2015,4,43,Groot,4.5,8991
TH7,TBB_DEF_70-99_0_0,1200,2015,4,45,Euro,4,1200
TH10,TBB_DEF_70-99_0_0,1201,2015,4,45,Euro,2.05,619.5
OD6,TBB_DEF_70-99_0_0,1202,2015,4,45,Groot,4.2,7619
GO31,TBB_DEF_70-99_0_0,1203,2015,4,45,Groot,4.1,8132
OD50,TBB_DEF_70-99_0_0,1204,2015,4,45,Euro,7,2097
UK45,TBB_DEF_70-99_0_0,1208,2015,4,45,Groot,3.9,11176
UK33,TBB_DEF_70-99_0_0,1209,2015,4,45,Groot,4.1,9815
UK284,TBB_DEF_70-99_0_0,1210,2015,4,45,Groot,4.1,8102
UK158,TBB_DEF_70-99_0_0,1211,2015,4,45,Euro,4.5,1339
GO48,TBB_DEF_70-99_0_0,1212,2015,4,47,Groot,4.2,8329
TX29,TBB_DEF_70-99_0_0,1213,2015,4,47,Groot,3.9,8834
UK45,TBB_DEF_70-99_0_0,1214,2015,4,47,Groot,2.8,7981
GO48,TBB_DEF_70-99_0_0,1215,2015,4,48,Groot,4.1,8212
OD6,TBB_DEF_70-99_0_0,1216,2015,4,48,Groot,4.1,7457
OD50,TBB_DEF_70-99_0_0,1217,2015,4,48,Euro,3.2,958
GO31,TBB_DEF_70-99_0_0,1220,2015,4,49,Groot,4.1,8132
TH10,TBB_DEF_70-99_0_0,1221,2015,4,49,Euro,3.7,1114
UK158,TBB_DEF_70-99_0_0,1222,2015,4,49,Euro,3.1,933
UK33,TBB_DEF_70-99_0_0,1223,2015,4,49,Groot,4.1,9857
RN1,TBB_DEF_70-99_0_0,1224,2015,4,49,Groot,5,10050.4
UK45,TBB_DEF_70-99_0_0,1225,2015,4,49,Groot,3.9,11454
UK284,TBB_DEF_70-99_0_0,1226,2015,4,49,Groot,4.6,9114
UK284,TBB_DEF_70-99_0_0,1226.1,2015,4,49,Groot,4.6,9114
OD6,TBB_DEF_70-99_0_0,1227,2015,4,50,Groot,4.1,7308
UK45,TBB_DEF_70-99_0_0,1229,2015,4,50,Groot,4.2,12224
UK33,TBB_DEF_70-99_0_0,1230,2015,4,50,Groot,4,9472
RN1,TBB_DEF_70-99_0_0,1232,2015,4,50,Groot,5,10050.4
UK158,TBB_DEF_70-99_0_0,1233,2015,4,50,Euro,3,902
UK158,TBB_DEF_70-99_0_0,1233.1,2015,4,50,Euro,3,902
TH7,TBB_DEF_70-99_0_0,1234,2015,4,51,Euro,3.6,1086
TH7,TBB_DEF_70-99_0_0,1234.1,2015,4,51,Euro,3.6,1086
GO48,TBB_DEF_70-99_0_0,1235,2016,1,5,Groot,4,8050
UK158,TBB_DEF_70-99_0_0,1236,2016,1,5,Euro,2.4,711
UK284,TBB_DEF_70-99_0_0,1237,2016,1,5,Groot,3.2,6327
UK33,TBB_DEF_70-99_0_0,1238,2016,1,6,Groot,5.2,12318
UK45,TBB_DEF_70-99_0_0,1239,2016,1,5,Groot,2.05,5950.5
GO31,TBB_DEF_70-99_0_0,1240,2016,1,6,Groot,3.1,6236
GO48,TBB_DEF_70-99_0_0,1241,2016,1,6,Groot,3.2,6394
GO48,TBB_DEF_70-99_0_0,1241.1,2016,1,6,Groot,3.2,6394
OD6,TBB_DEF_70-99_0_0,1242,2016,1,6,Groot,3.2,5685
TH10,TBB_DEF_70-99_0_0,1243,2016,1,6,Euro,2.3,676
TX29,TBB_DEF_70-99_0_0,1244,2016,1,6,Groot,2.9,6629
GO48,TBB_DEF_70-99_0_0,1245,2016,1,7,Groot,4.1,8113
OD3,TBB_DEF_70-99_0_0,1247,2016,1,7,Euro,3.6,1088
UK158,TBB_DEF_70-99_0_0,1248,2016,1,7,Euro,4.2,1259
UK284,TBB_DEF_70-99_0_0,1249,2016,1,7,Groot,4.6,9283
UK45,TBB_DEF_70-99_0_0,1250,2016,1,7,Groot,3.9,11280
GO31,TBB_DEF_70-99_0_0,1253,2016,1,8,Groot,4.1,8172
TH10,TBB_DEF_70-99_0_0,1254,2016,1,8,Euro,1.4,425
TH10,TBB_DEF_70-99_0_0,1254.1,2016,1,8,Euro,2.4,715
GO48,TBB_DEF_70-99_0_0,1255,2016,1,9,Groot,4.1,8112
OD3,TBB_DEF_70-99_0_0,1256,2016,1,9,Euro,4.3,1300
OD6,TBB_DEF_70-99_0_0,1257,2016,1,9,Groot,4.2,7614
RN1,TBB_DEF_70-99_0_0,1258,2016,1,9,Groot,5,10050.4
UK158,TBB_DEF_70-99_0_0,1259,2016,1,9,Euro,4.5,1352
UK284,TBB_DEF_70-99_0_0,1260,2016,1,9,Groot,4.6,9278
UK33,TBB_DEF_70-99_0_0,1261,2016,1,9,Groot,4.1,9669
UK45,TBB_DEF_70-99_0_0,1262,2016,1,9,Groot,3.7,10637
UK64,TBB_DEF_70-99_0_0,1263,2016,1,9,Groot,4.6,9188
TX29,TBB_DEF_70-99_0_0,1266,2016,1,10,Groot,3.9,8971
GO31,TBB_DEF_70-99_0_0,1267,2016,1,11,Groot,3.8,7505
GO31,TBB_DEF_70-99_0_0,1267.1,2016,1,11,Groot,3.8,7505
TX29,TBB_DEF_70-99_0_0,1269,2016,1,12,Groot,3.9,8805
UK33,TBB_DEF_70-99_0_0,1270,2016,1,12,Groot,4.2,9888
WR244,TBB_DEF_70-99_0_0,1272,2016,1,12,Euro,1.95,586.5
OD6,TBB_DEF_70-99_0_0,1273,2016,2,13,Groot,3.5,6300
UK158,TBB_DEF_70-99_0_0,1274,2016,2,14,Euro,4.4,1320
UK45,TBB_DEF_70-99_0_0,1276,2016,2,14,Groot,4,11684
GO31,TBB_DEF_70-99_0_0,1279,2016,2,14,Groot,4,8040
RN1,TBB_DEF_70-99_0_0,1281,2016,2,16,Groot,5,10050.4
TH10,TBB_DEF_70-99_0_0,1282,2016,2,15,Euro,1.4,417.3333333
UK33,TBB_DEF_70-99_0_0,1284,2016,2,16,Groot,4.2,10029
WR244,TBB_DEF_70-99_0_0,1288,2016,2,16,Euro,2,610
OD3,TBB_DEF_70-99_0_0,1289,2016,2,17,Euro,1.7,497
WR244,TBB_DEF_70-99_0_0,1290,2016,2,18,Euro,4,1198
GO31,TBB_DEF_70-99_0_0,1291,2016,2,19,Groot,4.4,8717
TH10,TBB_DEF_70-99_0_0,1292,2016,2,19,Euro,1.3,385.6666667
TH7,TBB_DEF_70-99_0_0,1293,2016,2,19,Euro,1.85,557.5
TX29,TBB_DEF_70-99_0_0,1294,2016,2,19,Groot,4.6,10591
TX29,TBB_DEF_70-99_0_0,1294.1,2016,2,19,Groot,4.6,10591
TX29,TBB_DEF_70-99_0_0,1295,2016,2,20,Groot,3.3,7638
UK45,TBB_DEF_70-99_0_0,1300,2016,2,22,Groot,3.8,11130
GO48,TBB_DEF_70-99_0_0,1302,2016,2,23,Groot,3.8,7601
OD3,TBB_DEF_70-99_0_0,1303,2016,2,23,Euro,2.05,617.5
TX29,TBB_DEF_70-99_0_0,1306,2016,2,24,Groot,3.7,8527
UK33,TBB_DEF_70-99_0_0,1309,2016,2,25,Groot,7,16560
GO31,TBB_DEF_70-99_0_0,1310,2016,2,25,Groot,4.1,8278
UK45,TBB_DEF_70-99_0_0,1313,2016,2,25,Groot,3.8,11123
UK45,TBB_DEF_70-99_0_0,1313.1,2016,2,25,Groot,3.8,11123
WR244,TBB_DEF_70-99_0_0,1317,2016,3,28,Euro,2.2,655
GO48,TBB_DEF_70-99_0_0,1319,2016,3,28,Groot,4.1,8135
OD3,TBB_DEF_70-99_0_0,1320,2016,3,28,Euro,1.95,582
TX29,TBB_DEF_70-99_0_0,1322,2016,3,28,Groot,3.9,8886
UK33,TBB_DEF_70-99_0_0,1324,2016,3,28,Groot,5.35,12790.5
WR244,TBB_DEF_70-99_0_0,1325,2016,3,28,Euro,1.7,523
UK284,TBB_DEF_70-99_0_0,1327,2016,3,30,Groot,4.6,9107
UK45,TBB_DEF_70-99_0_0,1328,2016,3,30,Groot,3.8,11152
GO31,TBB_DEF_70-99_0_0,1329,2016,3,32,Groot,4,7922
UK284,TBB_DEF_70-99_0_0,1331,2016,3,32,Groot,7.2,14337
UK45,TBB_DEF_70-99_0_0,1332,2016,3,32,Groot,3.8,11081
UK284,TBB_DEF_70-99_0_0,1335,2016,3,34,Groot,4.1,8237
UK45,TBB_DEF_70-99_0_0,1336,2016,3,34,Groot,3.9,11313
TX29,TBB_DEF_70-99_0_0,1340,2016,3,36,Groot,2.9,6570
GO31,TBB_DEF_70-99_0_0,1343,2016,3,38,Groot,4.1,8175
GO48,TBB_DEF_70-99_0_0,1344,2016,3,38,Groot,4.1,8099
OD6,TBB_DEF_70-99_0_0,1347,2016,3,38,Groot,4.3,7713
TX29,TBB_DEF_70-99_0_0,1349,2016,3,38,Groot,3.9,8867
UK284,TBB_DEF_70-99_0_0,1353,2016,3,39,Groot,4.7,9449
UK45,TBB_DEF_70-99_0_0,1354,2016,3,38,Groot,4,11468
WR244,TBB_DEF_70-99_0_0,1355,2016,3,38,Euro,1.95,586
GO31,TBB_DEF_70-99_0_0,1356,2016,4,40,Groot,4,8071
TX29,TBB_DEF_70-99_0_0,1358,2016,4,40,Groot,3.8,8725
UK33,TBB_DEF_70-99_0_0,1359,2016,4,40,Groot,4.1,9858
WR244,TBB_DEF_70-99_0_0,1361,2016,4,40,Euro,1.8,540.5
TH7,TBB_DEF_70-99_0_0,1362,2016,4,41,Euro,1.95,593
UK33,TBB_DEF_70-99_0_0,1363,2016,4,41,Groot,4.6,10890
UK33,TBB_DEF_70-99_0_0,1363.1,2016,4,41,Groot,4.6,10890
GO48,TBB_DEF_70-99_0_0,1364,2016,4,42,Groot,3.8,7606
OD6,TBB_DEF_70-99_0_0,1365,2016,4,42,Groot,4.5,8145
UK158,TBB_DEF_70-99_0_0,1366,2016,4,42,Euro,4.5,1346
UK284,TBB_DEF_70-99_0_0,1368,2016,4,42,Groot,4.6,9114
UK45,TBB_DEF_70-99_0_0,1369,2016,4,42,Groot,3.9,11180
TX29,TBB_DEF_70-99_0_0,1372,2016,4,43,Groot,4.1,9370
GO31,TBB_DEF_70-99_0_0,1373,2016,4,44,Groot,4.1,8138
OD6,TBB_DEF_70-99_0_0,1375,2016,4,44,Groot,4.3,7748
TX29,TBB_DEF_70-99_0_0,1376,2016,4,44,Groot,3.9,8854
UK33,TBB_DEF_70-99_0_0,1377,2016,4,44,Groot,4.1,9835
GO48,TBB_DEF_70-99_0_0,1379,2016,4,46,Groot,4.2,8389
OD6,TBB_DEF_70-99_0_0,1380,2016,4,46,Groot,4.2,7618
UK158,TBB_DEF_70-99_0_0,1381,2016,4,46,Euro,3.7,1108
UK33,TBB_DEF_70-99_0_0,1382,2016,4,46,Groot,4.1,9802
UK45,TBB_DEF_70-99_0_0,1383,2016,4,46,Groot,4,11539
UK64,TBB_DEF_70-99_0_0,1385,2016,4,47,Groot,4.8,9559
UK64,TBB_DEF_70-99_0_0,1385.1,2016,4,47,Groot,4.8,9559
TX29,TBB_DEF_70-99_0_0,1386,2016,4,48,Groot,3.8,8741
UK158,TBB_DEF_70-99_0_0,1387,2016,4,48,Euro,4.3,1280
UK284,TBB_DEF_70-99_0_0,1388,2016,4,48,Groot,4.1,8185
UK33,TBB_DEF_70-99_0_0,1389,2016,4,48,Groot,4.3,10139
UK45,TBB_DEF_70-99_0_0,1390,2016,4,48,Groot,3.8,11160
UK284,TBB_DEF_70-99_0_0,1393,2016,4,49,Groot,4.7,9330
UK284,TBB_DEF_70-99_0_0,1393.1,2016,4,49,Groot,4.7,9330
UK45,TBB_DEF_70-99_0_0,1394,2016,4,49,Groot,3.9,11296
UK64,TBB_DEF_70-99_0_0,1395,2016,4,49,Groot,5.6,11194
RN1,TBB_DEF_70-99_0_0,1396,2016,4,50,Groot,5,10050.4
UK158,TBB_DEF_70-99_0_0,1397,2016,4,50,Euro,4.2,1263
UK284,TBB_DEF_70-99_0_0,1398,2016,4,50,Groot,4.2,8316
