year,ship,week,quar,hpsegment2,gear,TRIPNR,w_total,w_hour
2010,GO28,11,1,Groot,non-pulse,213,40.0641554,0.559034727
2010,HD22,31,3,Groot,non-pulse,248,49.81752953,0.583799174
2010,OD50,9,1,Euro,non-pulse,266,10.39905748,0.139584664
2010,OD50,14,2,Euro,non-pulse,267,30.550833534,0.626683766
2010,OD50,17,2,Euro,non-pulse,268,6.349647666,0.089768817
2010,OD50,30,3,Euro,non-pulse,270,19.604360314,0.23246276999999999
2010,OD50,40,4,Euro,non-pulse,271,72.277917577,0.77857721
2010,OD50,48,4,Euro,non-pulse,272,22.243045793,0.623636797
2010,TX29,49,4,Groot,non-pulse,303,81.66882351,1.064088906
2010,WR244,43,4,Euro,non-pulse,349,10.34687628,0.385597874
2011,GO29,18,2,Euro,non-pulse,448,153.5784942,11.66418943
2011,GO4,16,2,Groot,non-pulse,444,135.8126885,1.735625413
2011,GO4,39,3,Groot,non-pulse,358,105.1278076,1.365296203
2011,GO58,13,1,Euro,non-pulse,376,100.3382516,1.262116372
2011,GO58,33,3,Euro,non-pulse,377,8.362917528,0.109366838
2011,OD50,15,2,Euro,non-pulse,461,27.54332445,0.314481345
2011,OD50,19,2,Euro,non-pulse,462,7.31379626,0.085044143
2011,OD50,38,3,Euro,non-pulse,397,59.855340143999996,1.430804943
2011,OD50,44,4,Euro,non-pulse,473,8.102955877,0.095049336
2011,OD50,47,4,Euro,non-pulse,474,19.6830379,0.244966247
2011,TX29,36,3,Groot,non-pulse,403,64.66213409,0.814213651
2011,WR244,41,4,Euro,non-pulse,496,6.34930144,0.139801133
2011,WR244,46,4,Euro,non-pulse,499,10.77226021,0.19236179
2012,GO48,12,1,Groot,pulse,608,50.14497554,0.683795121
2012,GO48,18,2,Groot,pulse,633,105.9486694,1.403293635
2012,GO58,17,2,Euro,non-pulse,754,8.439512147,0.201420338
2012,HD22,5,1,Groot,pulse,703,56.925271429999995,0.41591771599999994
2012,HD22,23,2,Groot,pulse,640,13.62190038,0.163954669
2012,HD22,32,3,Groot,pulse,669,33.28039824,0.47150505200000004
2012,HD22,37,3,Groot,pulse,670,338.98979467,5.26927142
2012,OD50,9,1,Euro,non-pulse,615,19.400356617,0.223635235
2012,OD50,36,3,Euro,non-pulse,673,27.89081315,0.334355403
2012,OD50,39,3,Euro,non-pulse,709,22.43880459,0.328773694
2012,TH10,19,2,Euro,non-pulse,650,371.820942,5.698405241
2012,TH10,31,3,Euro,non-pulse,676,417.01349211,5.295409423
2012,TH10,41,4,Euro,non-pulse,730,206.1928564,2.509446528
2012,TH7,19,2,Euro,pulse,652,23.349429612999998,0.220277638
2012,TX29,6,1,Groot,non-pulse,619,113.3404397,1.501197877
2012,TX29,23,2,Groot,non-pulse,654,53.6397637,0.687689278
2012,TX29,28,3,Groot,non-pulse,678,54.06863155,0.713777314
2012,WR244,27,3,Euro,non-pulse,686,147.0715725,2.721867473
2012,WR244,37,3,Euro,non-pulse,687,147.4032411,2.205534779
2013,GO31,9,1,Groot,non-pulse,772,171.6404908,2.07629626
2013,GO31,12,1,Groot,non-pulse,773,120.3432076,1.362375935
2013,GO31,24,2,Groot,non-pulse,775,102.1789604,1.2273749
2013,GO31,35,3,Groot,non-pulse,824,402.9190979,4.767333045
2013,HD22,15,2,Groot,pulse,782,24.74815995,0.370389024
2013,HD22,24,2,Groot,pulse,784,8.470672192,0.109652715
2013,HD22,28,3,Groot,pulse,829,48.67400126,0.591182202
2013,HD22,32,3,Groot,pulse,830,11.92248733,0.163135517
2013,HD22,37,3,Groot,pulse,831,51.34641614,0.7523284419999999
2013,OD50,41,4,Euro,non-pulse,878,17.40766979,0.388998208
2013,OD6,46,4,Groot,non-pulse,876,30.32896068,0.375203637
2013,TH10,30,3,Euro,pulse,839,66.41037365,0.918115765
2013,TH10,45,4,Euro,pulse,882,246.40868464,3.162464402
2013,WR244,33,3,Euro,non-pulse,863,17.79744934,0.268979083
2013,WR244,41,4,Euro,non-pulse,893,26.12903762,0.553972529
2014,GO31,9,1,Groot,non-pulse,999,46.32439473,0.596451434
2014,GO31,25,2,Groot,non-pulse,1013,163.1477031,2.102870502
2014,GO31,48,4,Groot,pulse,1033,191.77316527,2.419850666
2014,HD22,49,4,Groot,pulse,1034,14.70662889,0.11467157
2014,OD50,27,3,Euro,non-pulse,1014,16.52923202,0.217728633
2014,OD50,48,4,Euro,pulse,1031,29.671445767,0.39827444
2014,OD6,44,4,Groot,pulse,1026,34.796418431,0.419233957
2014,OD6,48,4,Groot,pulse,1030,3.482967904,0.039654284
2014,TH10,6,1,Euro,pulse,994,57.79611825,1.070298486
2014,TH10,11,1,Euro,pulse,1002,4.464843872,0.064242358
2014,TH10,17,2,Euro,pulse,937,184.48187576,2.995646155
2014,TH10,19,2,Euro,pulse,1011,321.304257283,4.868246323
2014,TH10,46,4,Euro,pulse,1028,17.34561265,0.276424106
2014,TH7,11,1,Euro,pulse,1003,4.623927077,0.071228658
2014,TH7,43,4,Euro,pulse,1035,136.02465962,5.667694151
2014,TX29,15,2,Groot,non-pulse,932,111.3241561,1.391551951
2014,UK284,38,3,Groot,non-pulse,987,405.1322099,5.194002691
2014,WR244,39,3,Euro,non-pulse,989,23.65949441,0.344890589
2015,GO31,15,2,Groot,pulse,1094,32.06123623,0.462532862
2015,GO48,6,1,Groot,pulse,1061,20.52452471,0.301093272
2015,HD22,8,1,Groot,pulse,1073,16.3880017,0.181049549
2015,OD50,6,1,Euro,pulse,1062,21.487817315999997,0.343347281
2015,OD50,24,2,Euro,pulse,1123,7.3601415,0.098463431
2015,OD50,27,2,Euro,pulse,1134,9.663078472,0.235684841
2015,OD50,27,3,Euro,pulse,1134,3.454121582,0.15182952
2015,OD50,36,3,Euro,pulse,1170,45.060511672,0.879229497
2015,OD50,45,4,Euro,pulse,1204,68.225021076,0.826969953
2015,OD50,48,4,Euro,pulse,1217,82.78790763,0.919014702
2015,OD6,6,1,Groot,pulse,1063,11.08430056,0.139571466
2015,OD6,43,4,Groot,pulse,1192,16.549427857,0.20686784800000002
2015,TH10,8,1,Euro,pulse,1069,37.927318119999995,0.700196642
2015,TH10,15,2,Euro,pulse,1093,77.682441358,1.135708207
2015,TH10,45,4,Euro,pulse,1201,303.6456127,4.312127044
2015,TH10,49,4,Euro,pulse,1221,80.19447529,1.117693035
2015,TH7,8,1,Euro,pulse,1068,7.224019962,0.125453313
2015,TH7,45,4,Euro,pulse,1200,161.840831078,2.201916069
2015,TX29,15,2,Groot,non-pulse,1095,94.60738807,1.435257468
2015,TX29,25,2,Groot,non-pulse,1130,267.72140093,3.613787189
2015,TX29,33,3,Groot,non-pulse,1160,60.74295572,0.808110276
2015,TX29,47,4,Groot,non-pulse,1213,111.0802787,1.45679054
2015,UK33,10,1,Groot,non-pulse,1082,8.528654685,0.101733456
2015,UK45,49,4,Groot,pulse,1225,11.35367949,0.160854963
2015,WR244,10,1,Euro,pulse,1081,30.423473295999997,0.393831369
2015,WR244,13,1,Euro,pulse,1091,3.91621694,0.056012638000000003
2015,WR244,18,2,Euro,pulse,1106,9.342107574,0.16908792
2015,WR244,33,3,Euro,pulse,1162,60.538655903,0.964759457
2016,GO31,6,1,Groot,pulse,1240,53.9850068,0.897257731
2016,GO31,8,1,Groot,pulse,1253,60.720038810000005,1.1227125820000001
2016,GO31,11,1,Groot,pulse,1267,87.68046724999999,1.613750931
2016,GO31,14,2,Groot,pulse,1279,129.90840250000002,1.576239464
2016,GO31,19,2,Groot,pulse,1291,112.13513562,1.34427735
2016,GO31,25,2,Groot,pulse,1310,32.08432607,0.408804325
2016,GO31,32,3,Groot,pulse,1329,250.90475537,3.169323226
2016,GO31,38,3,Groot,pulse,1343,50.30413134,0.635420607
2016,GO31,40,4,Groot,pulse,1356,75.43463825,0.941951778
2016,GO31,44,4,Groot,pulse,1373,368.76880372,4.296335577
2016,GO48,28,3,Groot,pulse,1319,177.3721976,2.341547163
2016,GO48,46,4,Groot,pulse,1379,88.97122131,1.12503125
2016,OD3,7,1,Euro,pulse,1247,47.25259587,0.70229273
2016,OD3,9,1,Euro,pulse,1256,32.841960058,0.357236693
2016,OD3,17,2,Euro,pulse,1289,18.667353075999998,0.625022983
2016,OD3,23,2,Euro,pulse,1303,109.50677523,1.379178529
2016,OD3,28,3,Euro,pulse,1320,23.00752416,0.6633596589999999
2016,OD6,9,1,Groot,pulse,1257,23.83404399,0.302334596
2016,OD6,13,1,Groot,pulse,1273,17.5463734,0.253072693
2016,OD6,38,3,Groot,pulse,1347,35.35159395,0.4324354
2016,OD6,44,4,Groot,pulse,1375,55.18781445,0.655696805
2016,OD6,46,4,Groot,pulse,1380,78.17119099,0.95622252
2016,TH10,6,1,Euro,pulse,1243,48.32398507,1.1325934
2016,TH10,8,1,Euro,pulse,1254,31.203189071,0.413743943
2016,TH10,15,2,Euro,pulse,1282,424.59964557,5.279995594
2016,TH10,19,2,Euro,pulse,1292,120.92240711,1.611582503
2016,TH7,19,2,Euro,pulse,1293,47.79308186,0.661038476
2016,TX29,6,1,Groot,non-pulse,1244,500.22809692,8.61224844
2016,TX29,10,1,Groot,non-pulse,1266,30.89468624,0.38942881900000004
2016,TX29,12,1,Groot,non-pulse,1269,143.17939343,2.03331683
2016,TX29,19,2,Groot,non-pulse,1294,13.48264782,0.193068943
2016,TX29,20,2,Groot,non-pulse,1295,47.03064848,0.705459727
2016,TX29,24,2,Groot,non-pulse,1306,371.78843061,4.249010636
2016,TX29,36,3,Groot,non-pulse,1340,174.22887282,3.323921262
2016,TX29,40,4,Groot,non-pulse,1358,382.05745704000003,5.343460937
2016,TX29,44,4,Groot,non-pulse,1376,995.2387257,14.167099298
2016,UK158,5,1,Euro,pulse,1236,8.768435478,0.232790322
2016,UK158,42,4,Euro,pulse,1366,49.48258416,0.594980972
2016,UK158,46,4,Euro,pulse,1381,96.69000546000001,1.3763701849999999
2016,UK158,48,4,Euro,pulse,1387,309.98143189999996,3.866712248
2016,UK284,34,3,Groot,pulse,1335,513.6543799,6.620679441
2016,UK284,42,4,Groot,pulse,1368,539.5914121000001,5.967831285
2016,UK33,16,2,Groot,pulse,1284,1603.56240114,18.574081865
2016,UK33,28,3,Groot,pulse,1324,575.9597688,7.391997033
2016,UK33,40,4,Groot,pulse,1359,230.62288572,2.907011165
2016,UK33,41,4,Groot,pulse,1363,341.56059960000005,4.42627127
2016,UK33,46,4,Groot,pulse,1382,115.72813522999999,1.448110139
2016,UK33,48,4,Groot,pulse,1389,252.9207245,3.164805728
2016,UK45,22,2,Groot,pulse,1300,68.71556771,1.061244289
2016,UK45,25,2,Groot,pulse,1313,750.4711698,10.351326479
2016,UK45,30,3,Groot,pulse,1328,184.89663247,2.5859668879999997
2016,UK45,32,3,Groot,pulse,1332,139.32012406,1.9832046129999998
2016,UK45,34,3,Groot,pulse,1336,117.30642323000001,1.5435055690000001
2016,UK45,38,3,Groot,pulse,1354,11.574657,0.167748652
2016,UK45,42,4,Groot,pulse,1369,53.590521181999996,0.810953662
2016,UK45,46,4,Groot,pulse,1383,32.05592476,0.473150181
2016,UK45,49,4,Groot,pulse,1394,27.37403473,0.378879374
2016,UK64,47,4,Groot,non-pulse,1385,311.2363133,3.6869059809999998
2016,UK64,49,4,Groot,non-pulse,1395,983.2668921,9.069333363
